序号,代码,名称,市场代码简称,最新价(元),涨跌幅(%),涨跌额(元),最高价(元),最低价(元),换手率(%),量比,成交量(股),成交额(元),市盈率(动)(倍),市净率(倍),总市值(元),流通市值(元)
1,300364,中文在线,SZ,24.83,20.01,4.140,24.83,21.20,13.21,1.86,8724.40万,20.54亿,-98.68,71.6534,180.89亿,163.98亿
2,300418,昆仑万维,SZ,43.20,20.00,7.200,43.20,36.78,12.57,2.56,1.48亿,60.66亿,-15.65,4.3322,555.14亿,507.74亿
3,301396,宏景科技,SZ,156.16,20.00,26.030,156.16,144.75,4.75,0.47,671.47万,10.32亿,277.31,27.7956,335.63亿,220.98亿
4,300058,蓝色光标,SZ,14.35,19.98,2.390,14.35,11.88,18.17,2.58,6.32亿,85.53亿,102.14,6.4976,515.20亿,499.08亿
5,300017,网宿科技,SZ,14.03,17.50,2.090,14.32,12.77,11.88,2.23,2.81亿,38.08亿,72.50,3.4570,350.14亿,332.02亿
6,688322,奥比中光-W,SH,93.86,17.35,13.880,95.98,86.63,7.42,2.45,2376.24万,22.08亿,312.52,9.7149,387.49亿,300.60亿
7,688258,卓易信息,SH,101.52,16.44,14.330,104.63,91.00,6.57,2.77,796.02万,7.99亿,51.70,13.0030,122.98亿,122.98亿
8,300757,罗博特科,SZ,415.56,16.07,57.530,429.64,400.28,7.21,1.71,1171.81万,49.01亿,-448.58,42.8452,696.51亿,675.56亿
9,301165,锐捷网络,SZ,118.00,15.69,16.000,120.99,107.00,2.74,0.87,3051.41万,34.95亿,267.26,27.8682,1314.09亿,1314.09亿
10,688777,中控技术,SH,93.12,15.25,12.320,96.96,84.08,4.34,2.26,3416.04万,30.98亿,246.63,7.5063,736.76亿,733.04亿
11,300857,协创数据,SZ,215.85,15.13,28.360,221.79,209.00,6.67,1.38,3245.78万,70.14亿,35.19,20.6345,1056.29亿,1050.89亿
12,688629,华丰科技,SH,137.90,14.84,17.820,142.18,129.00,5.10,1.29,2349.02万,32.01亿,153.58,22.2971,645.72亿,635.71亿
13,300454,深信服,SZ,119.71,14.77,15.410,125.16,102.80,14.81,2.86,4265.92万,50.37亿,-200.23,4.7738,516.62亿,344.77亿
14,688507,索辰科技,SH,147.68,14.48,18.680,154.80,137.91,21.61,1.82,1063.94万,15.74亿,-96.93,4.7789,131.60亿,72.71亿
15,300624,万兴科技,SZ,53.51,14.34,6.710,56.16,47.64,17.79,4.11,3046.81万,16.21亿,-53.90,10.5935,103.45亿,91.63亿
16,300663,科蓝软件,SZ,10.62,13.95,1.300,11.18,8.97,26.75,1.48,1.23亿,12.46亿,-44.92,15.8518,50.81亿,48.89亿
17,688381,帝奥微,SH,27.54,13.94,3.370,28.66,26.00,5.93,1.44,1467.84万,4.08亿,-69.12,2.7394,68.16亿,68.16亿
18,688521,芯原股份,SH,193.00,13.39,22.790,202.00,187.79,4.91,1.44,2582.89万,50.33亿,-74.45,32.2535,1015.02亿,1015.02亿
19,688702,盛科通信-U,SH,342.29,12.60,38.300,360.75,328.99,5.70,0.96,1156.09万,40.24亿,-2060.21,62.8803,1403.39亿,694.82亿
20,300718,长盛轴承,SZ,64.38,12.26,7.030,65.03,60.00,10.16,3.04,1997.27万,12.53亿,78.78,11.1456,192.35亿,126.61亿
21,300489,光智科技,SZ,140.50,11.85,14.890,150.73,138.30,9.88,1.35,1369.82万,20.03亿,317.75,25.6626,195.52亿,194.80亿
22,301345,涛涛车业,SZ,253.00,11.80,26.700,262.00,233.01,8.03,1.63,281.31万,7.05亿,39.12,7.6316,275.89亿,88.63亿
23,300607,拓斯达,SZ,29.80,11.11,2.980,30.78,28.57,13.13,1.72,4430.72万,13.16亿,73.90,4.8962,142.14亿,100.57亿
24,688332,中科蓝讯,SH,81.20,10.85,7.950,84.88,78.10,4.29,1.52,765.65万,6.30亿,-617.35,2.8766,144.93亿,144.93亿
25,301529,福赛科技,SZ,75.86,10.25,7.050,79.68,72.25,5.92,1.31,376.01万,2.87亿,73.07,6.4177,89.84亿,48.22亿
26,301200,大族数控,SZ,233.00,10.22,21.600,252.39,230.00,1.06,1.19,452.72万,10.95亿,88.21,10.3153,1139.39亿,990.80亿
27,600588,用友网络,SH,11.08,10.03,1.010,11.08,9.80,2.84,1.50,9710.65万,10.36亿,-13.10,5.4906,378.60亿,378.60亿
28,600667,太极实业,SH,17.23,10.03,1.570,17.23,16.58,17.66,1.12,3.69亿,63.38亿,69.77,4.1870,360.37亿,360.37亿
29,603316,诚邦股份,SH,12.63,10.02,1.150,12.63,12.10,3.02,0.63,797.04万,9913.86万,36.29,5.6887,34.10亿,33.38亿
30,603466,风语筑,SH,10.21,10.02,0.930,10.21,9.44,13.96,1.94,8303.30万,8.26亿,35.63,2.9363,60.73亿,60.73亿
31,002979,雷赛智能,SZ,57.37,10.01,5.220,57.37,54.33,5.99,1.07,1333.63万,7.47亿,62.85,9.9923,181.31亿,127.81亿
32,600673,东阳光,SH,28.36,10.01,2.580,28.36,27.50,1.65,1.08,4952.81万,14.00亿,178.89,8.5962,853.51亿,851.24亿
33,605287,德才股份,SH,34.72,10.01,3.160,34.72,31.94,2.58,0.91,361.09万,1.23亿,35.95,3.0877,48.61亿,48.61亿
34,605289,罗曼股份,SH,85.75,10.01,7.800,85.75,84.89,1.23,0.37,187.57万,1.61亿,70.31,9.8031,130.86亿,130.68亿
35,001400,江顺科技,SZ,67.32,10.00,6.120,67.32,62.67,2.32,0.72,107.06万,7085.79万,37.63,4.4911,56.55亿,31.12亿
36,002851,麦格米特,SZ,106.45,10.00,9.680,106.45,102.18,6.36,1.05,2932.13万,31.07亿,135.75,6.9536,622.74亿,491.31亿
37,002896,中大力德,SZ,65.24,10.00,5.930,65.24,62.66,4.11,1.36,808.26万,5.22亿,289.76,10.8540,128.21亿,128.21亿
38,002929,润建股份,SZ,47.97,10.00,4.360,47.97,45.01,7.29,1.29,1577.75万,7.45亿,272.53,2.1729,137.38亿,103.89亿
39,600580,卧龙电驱,SH,31.69,10.00,2.880,31.69,30.33,4.51,2.70,7023.28万,21.92亿,44.84,4.5499,495.04亿,493.61亿
40,603629,利通电子,SH,96.01,10.00,8.730,96.01,94.16,5.24,0.50,1890.57万,18.12亿,32.45,16.3904,352.10亿,346.33亿
41,603721,中广天择,SH,17.27,10.00,1.570,17.27,15.63,4.57,2.14,593.51万,1.00亿,-74.44,4.6774,22.45亿,22.45亿
42,603738,泰晶科技,SH,29.92,10.00,2.720,29.92,29.39,7.73,1.01,2981.76万,8.89亿,125.26,6.4048,115.46亿,115.46亿
43,605178,时空科技,SH,59.30,10.00,5.390,59.30,58.42,2.51,0.63,248.81万,1.47亿,-216.15,5.3224,58.75亿,58.75亿
44,000032,深桑达Ａ,SZ,13.54,9.99,1.230,13.54,12.92,5.22,1.17,6344.57万,8.46亿,-49.92,2.2367,164.54亿,164.54亿
45,000676,智度股份,SZ,7.49,9.99,0.680,7.49,6.60,11.16,0.78,1.40亿,10.20亿,51.13,2.2039,94.36亿,94.30亿
46,002015,协鑫能科,SZ,15.08,9.99,1.370,15.08,13.90,6.08,1.36,9861.91万,14.45亿,21.26,2.0520,244.80亿,244.80亿
47,002115,三维通信,SZ,11.23,9.99,1.020,11.23,10.52,15.89,1.98,1.19亿,13.03亿,104.59,4.3764,90.41亿,83.81亿
48,002432,九安医疗,SZ,68.46,9.99,6.220,68.46,65.36,10.25,1.15,4771.30万,32.17亿,27.16,1.5242,318.95亿,318.53亿
49,600602,云赛智联,SH,17.62,9.99,1.600,17.62,16.71,4.01,0.90,4312.81万,7.46亿,135.23,4.9565,240.98亿,189.29亿
50,600986,浙文互联,SH,7.82,9.99,0.710,7.82,6.98,9.89,1.81,1.47亿,11.15亿,-128.06,2.2543,116.31亿,116.31亿
51,603009,北特科技,SH,39.09,9.99,3.550,39.09,36.96,3.40,1.64,1178.44万,4.55亿,124.55,6.7439,135.40亿,135.40亿
52,603286,日盈电子,SH,37.75,9.99,3.430,37.75,35.60,2.94,1.03,343.47万,1.27亿,-199.97,5.4331,44.54亿,44.12亿
53,603598,引力传媒,SH,17.07,9.99,1.550,17.07,15.40,7.64,2.13,2057.99万,3.44亿,110.79,20.4742,46.04亿,45.99亿
54,605179,一鸣食品,SH,19.37,9.99,1.760,19.37,17.00,5.29,3.61,2122.55万,3.97亿,122.78,6.8387,77.67亿,77.67亿
55,603533,掌阅科技,SH,22.26,9.98,2.020,22.26,20.46,6.90,1.16,3030.19万,6.58亿,-72.42,4.2563,97.70亿,97.70亿
56,002354,天娱数科,SZ,6.51,9.97,0.590,6.51,6.04,10.83,1.01,1.76亿,11.33亿,89.05,7.8325,107.71亿,105.83亿
57,000595,新能股份,SZ,5.42,9.94,0.490,5.42,4.98,2.56,0.36,2917.62万,1.54亿,782.96,12.7501,61.72亿,61.72亿
58,002131,利欧股份,SZ,4.66,9.91,0.420,4.66,4.16,14.24,2.15,8.33亿,37.62亿,252.35,2.4840,315.56亿,272.83亿
59,603679,华体科技,SH,19.30,9.91,1.740,19.32,17.99,6.08,1.46,1079.87万,2.04亿,-60.76,3.8949,34.29亿,34.29亿
60,301236,软通动力,SZ,38.33,9.80,3.420,39.88,35.76,5.67,2.38,4456.40万,16.93亿,-28.35,2.9841,396.79亿,301.16亿
61,688519,南亚新材,SH,218.00,9.38,18.700,233.88,216.90,3.74,1.26,880.36万,19.75亿,85.37,18.2069,512.69亿,512.69亿
62,920493,并行科技,BJ,121.80,9.35,10.410,127.66,115.15,8.68,2.35,387.64万,4.68亿,158.94,14.5198,73.79亿,54.37亿
63,300442,润泽科技,SZ,63.25,9.24,5.350,65.95,61.08,2.77,1.80,4546.11万,28.87亿,44.57,7.4749,1038.09亿,1036.32亿
64,688165,埃夫特-U,SH,16.53,9.04,1.370,17.09,15.62,2.84,2.19,1482.38万,2.42亿,-220.34,7.1358,86.25亿,86.25亿
65,605488,福莱新材,SH,24.53,8.78,1.980,24.81,23.20,3.29,2.18,908.56万,2.20亿,97.67,3.3178,73.59亿,67.70亿
66,000960,锡业股份,SZ,34.10,8.39,2.640,34.50,32.70,5.17,1.88,8501.38万,28.62亿,16.17,2.7629,561.09亿,561.09亿
67,688372,伟测科技,SH,108.87,8.34,8.380,116.43,106.89,8.98,1.52,1517.63万,16.87亿,64.91,4.4593,183.99亿,183.99亿
68,002428,云南锗业,SZ,66.95,8.33,5.150,67.98,66.26,8.73,0.88,5703.35万,38.55亿,1200.34,29.8950,437.26亿,437.21亿
69,300229,拓尔思,SZ,14.04,8.33,1.080,14.50,13.06,5.93,2.43,5175.38万,7.22亿,-39.61,3.2546,122.66亿,122.57亿
70,000571,新大洲A,SZ,5.86,8.32,0.450,5.88,5.60,3.91,1.44,3180.65万,1.84亿,-37.22,326.1158,49.17亿,47.70亿
71,002403,爱仕达,SZ,9.12,8.31,0.700,9.18,8.43,3.66,1.58,1087.34万,9654.90万,-74.08,2.2461,31.07亿,27.10亿
72,002916,深南电路,SZ,308.00,8.26,23.500,312.95,304.40,2.26,1.34,1501.73万,46.61亿,61.69,12.7494,2097.99亿,2047.61亿
73,000608,阳光股份,SZ,6.10,8.16,0.460,6.20,5.73,4.61,1.01,3439.98万,2.09亿,-48.72,2.2276,45.74亿,45.47亿
74,603662,柯力传感,SH,50.53,8.13,3.800,51.40,48.40,4.17,2.30,1170.39万,5.88亿,86.28,5.2802,141.90亿,141.90亿
75,603666,亿嘉和,SH,22.15,8.10,1.660,22.25,20.85,3.70,2.09,760.86万,1.66亿,-22.42,2.1488,45.52亿,45.52亿
76,001389,广合科技,SZ,141.82,7.93,10.420,144.54,139.00,8.68,1.56,1321.90万,18.92亿,42.68,9.7110,670.19亿,215.87亿
77,920438,戈碧迦,BJ,111.18,7.73,7.980,120.94,107.33,5.04,1.23,702.63万,8.09亿,348.59,16.5710,160.61亿,154.98亿
78,300113,顺网科技,SZ,18.00,7.72,1.290,18.39,17.15,8.84,1.81,4497.50万,8.06亿,37.69,4.7539,121.35亿,91.62亿
79,600418,江淮汽车,SH,26.27,7.71,1.880,26.34,23.33,8.61,2.44,1.88亿,47.60亿,-24.43,4.7058,592.17亿,573.74亿
80,300638,广和通,SZ,20.70,7.70,1.480,21.25,19.58,7.80,1.66,4136.61万,8.48亿,481.44,3.0673,186.15亿,109.80亿
81,300657,弘信电子,SZ,31.95,7.68,2.280,33.16,31.40,7.55,1.73,3535.85万,11.39亿,101.56,10.8424,154.04亿,149.69亿
82,000338,潍柴动力,SZ,27.95,7.67,1.990,28.44,27.55,2.59,1.38,1.28亿,36.01亿,19.57,2.5323,2414.94亿,1385.31亿
83,002472,双环传动,SZ,38.42,7.65,2.730,39.08,36.92,5.41,1.94,4048.93万,15.36亿,28.74,3.2439,326.57亿,287.61亿
84,300570,太辰光,SZ,114.00,7.63,8.080,123.13,113.69,9.77,1.33,1878.01万,22.20亿,98.41,16.7931,258.92亿,219.10亿
85,688292,浩瀚深度,SH,16.41,7.61,1.160,16.91,15.52,3.01,1.94,477.28万,7857.24万,-23.28,2.6931,25.99亿,25.99亿
86,600589,大位科技,SH,7.38,7.58,0.520,7.55,7.07,9.76,2.43,1.44亿,10.62亿,-85.79,17.6053,109.34亿,109.11亿
87,603626,科森科技,SH,13.00,7.53,0.910,13.30,12.52,9.83,2.97,5456.87万,7.17亿,4.68,3.1675,72.13亿,72.13亿
88,603667,五洲新春,SH,51.85,7.48,3.610,53.06,50.00,6.53,1.68,2392.25万,12.43亿,161.25,5.0362,198.66亿,189.88亿
89,002463,沪电股份,SZ,103.75,7.46,7.200,106.21,103.46,3.83,1.23,7363.13万,77.57亿,40.19,12.6141,1996.53亿,1994.92亿
90,002655,共达电声,SZ,22.85,7.33,1.560,23.42,22.11,11.18,1.71,4069.35万,9.39亿,398.28,10.1203,83.31亿,83.14亿
91,000681,视觉中国,SZ,17.96,7.29,1.220,18.41,16.64,9.87,2.27,6670.17万,11.90亿,13.17,3.2846,125.82亿,121.43亿
92,688361,中科飞测,SH,346.60,7.26,23.450,378.20,345.00,3.93,0.98,1384.57万,50.23亿,-448.86,23.7851,1220.21亿,1220.21亿
93,002938,鹏鼎控股,SZ,81.50,7.17,5.450,83.64,80.82,1.19,0.98,2759.86万,22.84亿,102.04,5.8418,1888.79亿,1883.32亿
94,002353,杰瑞股份,SZ,134.70,7.13,8.970,138.30,133.00,4.11,0.96,2842.37万,38.82亿,58.61,6.0547,1379.13亿,930.83亿
95,002368,太极股份,SZ,14.75,7.12,0.980,15.00,13.82,2.95,1.94,1830.95万,2.67亿,-19.21,2.3104,91.93亿,91.48亿
96,300660,江苏雷利,SZ,27.02,7.01,1.770,27.33,26.10,2.34,2.33,1361.91万,3.66亿,59.75,4.4991,157.06亿,156.97亿
97,300209,行云科技,SZ,27.90,6.90,1.800,30.00,27.28,17.32,1.45,1.29亿,36.80亿,1078.16,27.5732,259.09亿,207.27亿
98,688111,金山办公,SH,269.58,6.90,17.390,289.30,246.00,6.19,2.77,2873.69万,77.75亿,14.25,8.5412,1250.89亿,1250.89亿
99,000962,东方钽业,SZ,43.88,6.89,2.830,45.16,43.38,6.28,1.51,3158.15万,14.07亿,106.47,5.8663,231.45亿,220.79亿
100,300661,圣邦股份,SZ,95.73,6.87,6.150,101.19,95.41,3.33,1.07,2006.73万,19.78亿,132.63,12.2777,656.20亿,576.03亿
101,002850,科达利,SZ,182.31,6.86,11.710,183.10,174.00,3.23,1.30,676.69万,12.16亿,28.30,3.5982,522.01亿,382.23亿
102,600624,ST复华,SH,3.75,6.84,0.240,3.83,3.52,1.22,2.05,830.87万,3053.58万,-58.24,5.9947,25.48亿,25.48亿
103,603960,克来机电,SH,16.11,6.83,1.030,16.33,15.34,3.56,1.68,933.81万,1.48亿,373.68,3.7606,42.24亿,42.24亿
104,300394,天孚通信,SZ,171.01,6.81,10.910,185.03,170.93,5.04,1.39,5488.57万,98.41亿,94.75,34.1230,1865.42亿,1861.25亿
105,688809,强一股份,SH,441.03,6.79,28.030,482.80,439.15,9.07,1.02,235.01万,10.88亿,127.53,14.1066,571.40亿,114.28亿
106,688808,联讯仪器,SH,1640.00,6.77,104.000,1810.00,1630.81,10.03,1.08,193.63万,33.55亿,354.01,57.4033,1683.73亿,316.46亿
107,300339,润和软件,SZ,37.74,6.76,2.390,38.77,35.98,5.95,2.17,4627.34万,17.43亿,97.26,8.3718,300.57亿,293.50亿
108,002138,顺络电子,SZ,42.80,6.73,2.700,44.11,42.71,8.65,1.58,6628.38万,28.88亿,38.59,5.2568,345.10亿,328.00亿
109,002396,星网锐捷,SZ,26.06,6.67,1.630,26.77,25.40,10.75,0.67,8144.96万,21.27亿,133.10,2.8834,198.20亿,197.38亿
110,603002,宏昌电子,SH,12.31,6.67,0.770,12.69,12.10,6.89,1.38,7808.77万,9.74亿,7449.07,4.0598,139.61亿,139.61亿
111,000710,贝瑞基因,SZ,8.50,6.65,0.530,8.77,7.89,7.89,3.74,2599.19万,2.21亿,-38.06,2.0681,30.05亿,28.01亿
112,301123,奕东电子,SZ,57.56,6.65,3.590,61.87,57.51,5.33,1.15,879.85万,5.24亿,355.80,4.8179,135.06亿,95.00亿
113,301392,汇成真空,SZ,126.14,6.63,7.840,135.48,126.02,14.30,0.95,583.27万,7.63亿,114.70,16.8804,126.14亿,51.46亿
114,600143,金发科技,SH,15.46,6.62,0.960,15.58,15.01,3.61,3.41,9498.69万,14.58亿,33.86,2.1128,413.29亿,407.34亿
115,003021,兆威机电,SZ,77.54,6.61,4.810,78.13,74.80,2.18,1.91,452.91万,3.47亿,126.65,4.1227,207.47亿,160.81亿
116,600410,华胜天成,SH,13.74,6.59,0.850,14.11,13.21,8.79,1.84,9636.58万,13.28亿,-40.81,3.5031,150.66亿,150.66亿
117,688234,天岳先进,SH,86.65,6.52,5.300,92.48,86.35,3.05,1.07,1312.14万,11.72亿,-173.49,5.9034,419.92亿,372.34亿
118,301183,东田微,SZ,143.66,6.41,8.660,152.01,143.66,8.68,1.17,509.73万,7.52亿,102.47,11.8417,115.04亿,84.33亿
119,002747,埃斯顿,SZ,29.74,6.40,1.790,30.63,28.60,12.32,1.37,9636.59万,28.56亿,73.55,8.8895,287.82亿,232.69亿
120,300100,双林股份,SZ,22.31,6.34,1.330,22.58,21.57,2.06,1.43,1150.20万,2.55亿,38.23,3.9320,129.17亿,124.53亿
121,002119,康强电子,SZ,20.40,6.25,1.200,21.09,20.25,12.71,1.21,4771.36万,9.89亿,75.15,5.5010,76.56亿,76.56亿
122,002757,南兴股份,SZ,16.32,6.25,0.960,16.90,15.68,11.87,3.09,3348.75万,5.49亿,27.76,2.4114,48.22亿,46.03亿
123,000158,常山北明,SZ,13.30,6.23,0.780,13.42,12.65,3.87,2.28,6140.91万,8.07亿,-52.33,4.0430,212.62亿,211.19亿
124,300672,国科微,SZ,129.50,6.23,7.590,142.35,129.15,8.37,1.45,1759.63万,23.71亿,127.93,7.2905,281.15亿,272.39亿
125,002281,光迅科技,SZ,161.65,6.12,9.320,167.56,161.00,6.73,1.48,5291.98万,87.53亿,139.44,9.6740,1338.22亿,1271.10亿
126,688256,寒武纪,SH,1106.00,6.10,63.570,1179.50,1101.58,2.59,1.26,1626.74万,185.52亿,171.46,56.7776,6948.92亿,6948.92亿
127,002229,鸿博股份,SZ,10.30,6.08,0.590,10.37,9.96,9.49,1.35,4681.91万,4.77亿,-40.31,4.7734,51.11亿,50.80亿
128,688711,宏微科技,SH,22.17,6.08,1.270,23.45,22.17,4.69,1.47,1016.05万,2.31亿,1321.47,4.1574,48.05亿,48.05亿
129,002048,宁波华翔,SZ,18.76,6.05,1.070,18.95,18.10,3.56,1.45,2518.10万,4.68亿,13.96,1.2931,152.37亿,132.85亿
130,003007,直真科技,SZ,33.72,6.04,1.920,34.35,32.23,3.57,1.65,259.12万,8733.53万,-42.73,2.6550,40.32亿,24.48亿
131,001339,智微智能,SZ,67.18,6.03,3.820,69.70,66.66,8.47,1.37,1370.79万,9.38亿,28.28,8.0828,219.70亿,108.76亿
132,300567,精测电子,SZ,191.00,6.00,10.810,203.60,189.88,5.33,1.10,1209.43万,23.73亿,312.74,12.9666,534.32亿,433.66亿
133,600845,宝信软件,SH,18.59,5.99,1.050,18.80,17.81,1.43,2.20,3048.30万,5.61亿,34.84,4.9367,531.28亿,396.72亿
134,002384,东山精密,SZ,171.48,5.98,9.680,177.98,170.32,8.83,1.32,1.22亿,214.68亿,70.75,13.8744,3140.84亿,2377.26亿
135,300738,奥飞数据,SZ,22.36,5.92,1.250,23.00,21.85,9.60,1.58,9456.65万,21.25亿,56.03,5.7382,220.29亿,220.22亿
136,301000,肇民科技,SZ,24.04,5.90,1.340,24.56,23.38,2.81,1.39,645.36万,1.55亿,54.55,4.6258,58.47亿,55.20亿
137,601360,三六零,SH,9.33,5.90,0.520,9.52,8.88,3.15,2.52,2.21亿,20.43亿,149.42,2.2914,653.06亿,653.06亿
138,002230,科大讯飞,SZ,42.22,5.89,2.350,43.22,40.30,4.36,3.00,9555.37万,40.15亿,-149.38,4.4888,1014.16亿,924.60亿
139,600601,方正科技,SH,9.19,5.88,0.510,9.53,9.09,5.81,1.53,2.42亿,22.56亿,42.39,8.0499,392.76亿,383.25亿
140,002975,博杰股份,SZ,73.40,5.86,4.060,76.27,73.11,10.64,1.69,1461.46万,11.01亿,57.95,6.4913,152.77亿,100.82亿
141,002050,三花智控,SZ,37.53,5.84,2.070,38.00,36.45,2.96,1.89,1.09亿,40.69亿,42.56,5.0212,1579.27亿,1385.25亿
142,301563,云汉芯城,SZ,114.07,5.82,6.270,119.88,113.81,12.33,1.57,235.93万,2.76亿,46.76,7.8330,96.56亿,21.83亿
143,002484,江海股份,SZ,58.71,5.78,3.210,61.05,58.40,6.85,1.24,5623.67万,33.96亿,77.06,8.0452,499.34亿,481.70亿
144,002558,巨人网络,SZ,29.28,5.78,1.600,30.22,26.62,7.74,1.42,1.47亿,42.31亿,12.88,3.4876,556.48亿,556.48亿
145,601689,拓普集团,SH,46.65,5.78,2.550,47.62,45.31,2.40,1.62,4162.93万,19.34亿,36.73,3.4154,810.70亿,810.70亿
146,300604,长川科技,SZ,259.64,5.76,14.140,283.54,259.18,7.15,1.14,3497.30万,95.57亿,116.81,32.7494,1647.20亿,1270.86亿
147,688308,欧科亿,SH,82.49,5.76,4.490,90.85,82.19,6.78,1.22,1076.31万,9.31亿,16.06,4.6890,130.98亿,130.98亿
148,000628,高新发展,SZ,36.67,5.74,1.990,37.39,35.50,6.35,1.21,1221.53万,4.47亿,1804.27,5.9695,129.18亿,70.49亿
149,301110,青木科技,SZ,36.60,5.72,1.980,38.00,34.13,7.38,1.58,672.77万,2.46亿,28.14,3.1528,47.42亿,33.35亿
150,002415,海康威视,SZ,37.65,5.70,2.030,38.00,35.56,1.90,1.20,1.72亿,63.30亿,21.85,4.0909,3450.57亿,3405.85亿
151,600666,奥瑞德,SH,3.34,5.70,0.180,3.42,3.23,6.62,1.36,1.66亿,5.53亿,-236.99,8.3815,91.89亿,83.57亿
152,002272,川润股份,SZ,13.18,5.69,0.710,13.57,12.86,9.65,1.36,3937.06万,5.24亿,-51.74,4.3798,63.91亿,53.79亿
153,603660,苏州科达,SH,9.33,5.66,0.500,9.42,8.52,7.89,1.78,4511.31万,4.07亿,-8.12,7.4658,53.32亿,53.32亿
154,300539,横河精密,SZ,17.39,5.65,0.930,17.68,16.50,3.93,1.57,856.61万,1.49亿,116.61,4.0809,46.62亿,37.89亿
155,301076,新瀚新材,SZ,20.63,5.63,1.100,20.95,19.93,3.92,1.66,597.59万,1.23亿,74.76,3.9521,47.07亿,31.47亿
156,600228,返利科技,SH,7.74,5.59,0.410,8.06,7.00,20.91,3.68,8698.32万,6.60亿,-57.50,8.4450,32.25亿,32.20亿
157,300476,胜宏科技,SZ,190.40,5.57,10.040,204.75,190.30,4.81,1.22,4160.82万,82.44亿,36.31,11.9461,1871.22亿,1647.33亿
158,600183,生益科技,SH,105.64,5.56,5.560,110.09,105.44,3.35,1.20,8084.23万,87.85亿,55.39,16.0531,2566.00亿,2547.77亿
159,603991,领先股份,SH,111.65,5.56,5.880,115.10,110.00,4.49,1.23,401.78万,4.53亿,83.64,4.8504,170.50亿,99.97亿
160,000603,盛达资源,SZ,25.40,5.53,1.330,26.15,24.46,9.25,0.95,6164.43万,15.69亿,22.46,5.0185,175.25亿,169.35亿
161,600545,卓郎智能,SH,3.82,5.52,0.200,3.95,3.80,5.75,1.21,1.03亿,3.98亿,-56.74,2.6055,68.30亿,68.30亿
162,603881,数据港,SH,24.28,5.52,1.270,24.85,23.73,5.04,1.43,4343.33万,10.57亿,116.86,6.2655,209.31亿,209.31亿
163,002421,达实智能,SZ,2.87,5.51,0.150,2.97,2.77,11.48,1.85,2.30亿,6.60亿,-93.79,2.2412,60.86亿,57.50亿
164,002261,拓维信息,SZ,25.93,5.45,1.340,26.45,25.16,6.55,1.43,7502.73万,19.46亿,132.91,12.5431,326.71亿,297.19亿
165,300458,全志科技,SZ,33.54,5.41,1.720,34.76,32.00,13.43,0.95,1.09亿,36.36亿,41.04,10.4559,333.27亿,273.09亿
166,601138,工业富联,SH,56.70,5.39,2.900,57.57,56.30,0.75,1.27,1.48亿,84.32亿,26.55,6.8893,1.13万亿,1.13万亿
167,002792,通宇通讯,SZ,23.76,5.37,1.210,24.25,23.30,5.19,1.26,1752.08万,4.18亿,-240.70,4.4330,124.46亿,80.27亿
168,300872,天阳科技,SZ,14.90,5.37,0.760,15.37,14.38,4.46,1.89,1881.33万,2.81亿,241.12,1.9586,72.73亿,62.88亿
169,688385,复旦微电,SH,48.65,5.30,2.450,49.98,48.41,3.51,1.19,1892.77万,9.31亿,67.55,6.4273,400.74亿,262.41亿
170,301517,陕西华达,SZ,36.53,5.27,1.830,37.30,35.49,4.21,1.58,410.61万,1.51亿,-86.36,4.3425,55.25亿,35.64亿
171,920178,锐翔智能,BJ,82.32,5.27,4.120,86.88,82.27,7.93,1.55,152.60万,1.29亿,41.54,5.8007,54.28亿,15.85亿
172,600288,大恒科技,SH,10.00,5.26,0.500,10.18,9.81,11.07,1.18,4834.08万,4.84亿,21.35,2.1950,43.68亿,43.68亿
173,603220,中贝通信,SH,18.22,5.26,0.910,18.60,17.82,4.85,1.63,2105.14万,3.85亿,-85.82万,2.5621,97.72亿,79.12亿
174,688530,欧莱新材,SH,41.31,5.25,2.060,45.83,41.22,15.22,1.12,1062.07万,4.62亿,40.63,7.8048,66.11亿,28.83亿
175,002065,东华软件,SZ,7.24,5.23,0.360,7.34,6.95,3.06,2.21,8905.31万,6.40亿,93.64,1.8988,232.08亿,210.53亿
176,002161,远 望 谷,SZ,5.43,5.23,0.270,5.55,5.25,2.77,0.97,2051.58万,1.11亿,-26.21,2.6585,40.17亿,40.16亿
177,001314,亿道信息,SZ,46.86,5.21,2.320,48.15,46.08,4.90,0.88,607.67万,2.87亿,38.94,3.2042,66.84亿,58.15亿
178,300499,高澜股份,SZ,25.04,5.21,1.240,26.14,24.93,7.07,1.25,1919.61万,4.90亿,126.21,5.5700,76.43亿,67.96亿
179,600556,天下秀,SH,4.68,5.17,0.230,4.77,4.46,4.45,1.71,8045.73万,3.74亿,656.06,2.2128,84.60亿,84.60亿
180,603950,长源东谷,SH,50.60,5.15,2.480,52.93,50.50,3.98,1.53,1288.04万,6.73亿,49.49,5.3705,164.01亿,163.88亿
181,603038,华立股份,SH,12.06,5.14,0.590,12.31,11.62,2.13,1.40,571.45万,6883.87万,11.78,2.2808,32.40亿,32.40亿
182,300383,光环新网,SZ,13.52,5.13,0.660,14.15,13.20,7.55,1.97,1.35亿,18.51亿,270.46,2.0542,243.03亿,242.59亿
183,605398,新炬网络,SH,20.20,5.10,0.980,20.36,19.20,1.41,1.50,229.90万,4605.62万,262.18,3.1635,32.87亿,32.87亿
184,002585,双星新材,SZ,9.10,5.08,0.440,9.53,8.77,15.25,2.14,1.35亿,12.65亿,639.85,1.2511,103.86亿,80.69亿
185,002553,南方精工,SZ,15.76,5.07,0.760,15.98,15.11,5.39,2.20,1381.27万,2.16亿,5383.55,3.6257,55.70亿,40.38亿
186,002843,泰嘉股份,SZ,15.14,5.07,0.730,15.58,14.85,5.52,1.31,1381.49万,2.11亿,38.95,2.8346,38.11亿,37.88亿
187,002245,蔚蓝锂芯,SZ,15.88,5.03,0.760,16.47,15.77,5.85,1.30,9400.97万,15.20亿,34.63,3.5128,271.17亿,255.13亿
188,603683,晶华新材,SH,14.01,5.02,0.670,14.35,13.66,14.11,0.93,4065.94万,5.71亿,39.91,2.4546,40.80亿,40.38亿
189,688635,长进光子,SH,210.00,5.00,10.000,225.28,210.00,10.06,1.45,178.71万,3.88亿,247.29,13.1466,196.71亿,37.29亿
190,300782,卓胜微,SZ,67.92,4.94,3.200,70.47,67.61,4.06,1.47,1821.77万,12.59亿,-67.65,2.9629,390.53亿,304.45亿
191,000062,深圳华强,SZ,21.78,4.91,1.020,22.16,21.53,2.88,1.51,3006.86万,6.57亿,28.35,3.3686,227.80亿,227.58亿
192,601101,昊华能源,SH,11.78,4.90,0.550,11.90,10.73,2.04,1.01,2943.48万,3.39亿,13.26,1.4191,169.63亿,169.63亿
193,002291,遥望科技,SZ,5.16,4.88,0.240,5.21,4.88,5.42,1.85,4709.73万,2.40亿,5.30,1.6219,48.25亿,44.85亿
194,603015,弘讯科技,SH,10.13,4.87,0.470,10.32,9.72,1.74,1.34,702.36万,7089.95万,151.31,3.0132,40.95亿,40.95亿
195,300153,科泰电源,SZ,20.09,4.85,0.930,20.37,19.52,3.58,1.62,1140.14万,2.29亿,79.01,7.0276,64.29亿,63.95亿
196,300054,鼎龙股份,SZ,68.68,4.81,3.150,73.33,68.57,6.24,1.09,4640.53万,32.93亿,65.22,12.1996,654.70亿,510.41亿
197,002527,新时达,SZ,10.96,4.78,0.500,11.05,10.61,2.08,1.38,1099.95万,1.19亿,-241.83,5.8425,72.67亿,57.97亿
198,001298,好上好,SZ,16.36,4.74,0.740,16.57,16.02,3.21,1.90,1309.64万,2.13亿,29.96,4.2529,70.76亿,66.65亿
199,000988,华工科技,SZ,95.37,4.69,4.270,99.92,95.37,5.88,1.11,5907.88万,57.75亿,37.55,8.3835,958.95亿,958.45亿
200,002829,星网宇达,SZ,19.42,4.69,0.870,19.77,18.93,10.98,0.91,1604.38万,3.12亿,-38.02,2.6065,40.36亿,28.36亿
